{"proxies":{"ti.android.kenburnsview.ImageViewProxy":{"superPackageName":"org.appcelerator.titanium.proxy","methods":{"resume":{"runOnUiThread":false,"hasInvocation":false,"args":[],"apiName":"resume","converter":"org.appcelerator.kroll.KrollConverter","defaultValueProvider":"org.appcelerator.kroll.KrollConverter","name":"__default_name__","returnType":"void"},"pause":{"runOnUiThread":false,"hasInvocation":false,"args":[],"apiName":"pause","converter":"org.appcelerator.kroll.KrollConverter","defaultValueProvider":"org.appcelerator.kroll.KrollConverter","name":"__default_name__","returnType":"void"}},"superProxyBindingClassName":"org.appcelerator.titanium.proxy.TiViewProxyBindingGen","proxyClassName":"ImageViewProxy","proxyAttrs":{"propertyAccessors":["interpolation","image"],"fullAPIName":"Kenburnsview.ImageView","name":"ImageView","proxyClassName":"ti.android.kenburnsview.ImageViewProxy","isTopLevel":false,"id":"ti.android.kenburnsview.ImageViewProxy","creatableInModule":"ti.android.kenburnsview.KenburnsviewModule","parentModule":"org.appcelerator.kroll.annotations.Kroll.DEFAULT"},"packageName":"ti.android.kenburnsview","sourceName":"ti.android.kenburnsview.ImageViewProxyBindingGen","isTitaniumSdk":false,"superProxyClassName":"TiViewProxy","isModule":false,"genClassName":"ImageViewProxyBindingGen"},"ti.android.kenburnsview.KenburnsviewModule":{"superPackageName":"org.appcelerator.kroll","superProxyBindingClassName":"org.appcelerator.kroll.KrollModuleBindingGen","proxyClassName":"KenburnsviewModule","proxyAttrs":{"propertyAccessors":[],"fullAPIName":"Kenburnsview","name":"Kenburnsview","proxyClassName":"ti.android.kenburnsview.KenburnsviewModule","isTopLevel":false,"id":"ti.android.kenburnsview"},"packageName":"ti.android.kenburnsview","sourceName":"ti.android.kenburnsview.KenburnsviewModuleBindingGen","constants":{"EASE_OUT_QUAD":{"proxyName":"EASE_OUT_QUAD","name":"EASE_OUT_QUAD","type":"int","value":13},"EASE_OUT_SINE":{"proxyName":"EASE_OUT_SINE","name":"EASE_OUT_SINE","type":"int","value":17},"TRANSITION_STARTED":{"proxyName":"TRANSITION_STARTED","name":"TRANSITION_STARTED","type":"java.lang.String","value":"2"},"TRANSITION_ENDED":{"proxyName":"TRANSITION_ENDED","name":"TRANSITION_ENDED","type":"java.lang.String","value":"1"},"EASE_OUT_QUART":{"proxyName":"EASE_OUT_QUART","name":"EASE_OUT_QUART","type":"int","value":15},"EASE":{"proxyName":"EASE","name":"EASE","type":"int","value":1},"EASE_IN_OUT_QUAD":{"proxyName":"EASE_IN_OUT_QUAD","name":"EASE_IN_OUT_QUAD","type":"int","value":21},"EASE_IN_CUBIC":{"proxyName":"EASE_IN_CUBIC","name":"EASE_IN_CUBIC","type":"int","value":6},"EASE_IN_QUINT":{"proxyName":"EASE_IN_QUINT","name":"EASE_IN_QUINT","type":"int","value":8},"EASE_IN_OUT_SINE":{"proxyName":"EASE_IN_OUT_SINE","name":"EASE_IN_OUT_SINE","type":"int","value":25},"EASE_IN_OUT_CIRC":{"proxyName":"EASE_IN_OUT_CIRC","name":"EASE_IN_OUT_CIRC","type":"int","value":27},"EASE_IN_EXPO":{"proxyName":"EASE_IN_EXPO","name":"EASE_IN_EXPO","type":"int","value":10},"EASE_OUT_CIRC":{"proxyName":"EASE_OUT_CIRC","name":"EASE_OUT_CIRC","type":"int","value":19},"EASE_OUT":{"proxyName":"EASE_OUT","name":"EASE_OUT","type":"int","value":3},"EASE_IN_OUT":{"proxyName":"EASE_IN_OUT","name":"EASE_IN_OUT","type":"int","value":4},"EASE_IN_QUART":{"proxyName":"EASE_IN_QUART","name":"EASE_IN_QUART","type":"int","value":7},"EASE_OUT_CUBIC":{"proxyName":"EASE_OUT_CUBIC","name":"EASE_OUT_CUBIC","type":"int","value":14},"EASE_IN_OUT_CUBIC":{"proxyName":"EASE_IN_OUT_CUBIC","name":"EASE_IN_OUT_CUBIC","type":"int","value":22},"EASE_IN_OUT_EXPO":{"proxyName":"EASE_IN_OUT_EXPO","name":"EASE_IN_OUT_EXPO","type":"int","value":26},"EASE_OUT_BACK":{"proxyName":"EASE_OUT_BACK","name":"EASE_OUT_BACK","type":"int","value":20},"EASE_IN_OUT_BACK":{"proxyName":"EASE_IN_OUT_BACK","name":"EASE_IN_OUT_BACK","type":"int","value":28},"EASE_IN_OUT_QUINT":{"proxyName":"EASE_IN_OUT_QUINT","name":"EASE_IN_OUT_QUINT","type":"int","value":24},"EASE_IN_BACK":{"proxyName":"EASE_IN_BACK","name":"EASE_IN_BACK","type":"int","value":12},"EASE_IN_SINE":{"proxyName":"EASE_IN_SINE","name":"EASE_IN_SINE","type":"int","value":9},"EASE_IN_QUAD":{"proxyName":"EASE_IN_QUAD","name":"EASE_IN_QUAD","type":"int","value":5},"EASE_OUT_EXPO":{"proxyName":"EASE_OUT_EXPO","name":"EASE_OUT_EXPO","type":"int","value":18},"EASE_OUT_QUINT":{"proxyName":"EASE_OUT_QUINT","name":"EASE_OUT_QUINT","type":"int","value":16},"LINEAR":{"proxyName":"LINEAR","name":"LINEAR","type":"int","value":0},"EASE_IN":{"proxyName":"EASE_IN","name":"EASE_IN","type":"int","value":2},"EASE_IN_OUT_QUART":{"proxyName":"EASE_IN_OUT_QUART","name":"EASE_IN_OUT_QUART","type":"int","value":23},"EASE_IN_CIRC":{"proxyName":"EASE_IN_CIRC","name":"EASE_IN_CIRC","type":"int","value":11}},"isTitaniumSdk":false,"superProxyClassName":"KrollModule","isModule":true,"genClassName":"KenburnsviewModuleBindingGen","onAppCreate":"onAppCreate"}},"modules":{"ti.android.kenburnsview.KenburnsviewModule":{"apiName":"Kenburnsview","createProxies":[{"propertyAccessors":["interpolation","image"],"fullAPIName":"Kenburnsview.ImageView","name":"ImageView","proxyClassName":"ti.android.kenburnsview.ImageViewProxy","isTopLevel":false,"id":"ti.android.kenburnsview.ImageViewProxy","creatableInModule":"ti.android.kenburnsview.KenburnsviewModule","parentModule":"org.appcelerator.kroll.annotations.Kroll.DEFAULT"}]}}}